<?xml version="1.0" encoding="utf-8"?>
<extension version="3.4" type="plugin" group="system" method="upgrade">
        <name>plg_system_SCShortcode</name>
        <author>mojtaba naserei</author>
        <creationDate>Aug 2015</creationDate>
        <copyright>seocommunity.ir</copyright>
        <license>GNU General Public License</license>
        <authorEmail>mojtaba.naserei@yahoo.com</authorEmail>
        <authorUrl>http://www.seocommunity.ir</authorUrl>
        <version>2.0.0</version>
        <description>SC_SHORTCODE_DESC</description>
        <files>
                <filename plugin="scShortcode">scShortcode.php</filename>
                <filename plugin="scShortcode">index.html</filename>
        </files>
        <languages>
		        <language tag="en-GB">en-GB.plg_system_scShortcode.ini</language>
		        <language tag="en-GB">en-GB.plg_system_scShortcode.ini</language>
	    </languages>
        <config>
		 <fields name="params">
			<fieldset name="basic">
				<field name="msg" type="text" default="لطفا کد مورد نظر خود را وارد کنید" label="SC_SHORTCODE_MSGـLABEL" description="SC_SHORTCODE_MSG_DESC" size="20" />
				<field name="name_link" type="text" default="برای دیدن محتوا عضو شوید" label="SC_SHORTCODE_LINK_NAMEـLABEL" description="SC_SHORTCODE_LINK_NAME_DESC" size="15" />
				<field name="addr_link" type="text" default="www.example.ir" label="SC_SHORTCODE_LINK_ADDRESSـLABEL" description="SC_SHORTCODE_LINK_ADDRESS_DESC" size="10" />
			</fieldset>
		 </fields>
	    </config>

</extension>
